x1,x2,f_best,count
1.6991949314918915,-2.0,1764091.1982580046,51
