x1,x2,f_best,count
-8.0,-7.991998813844054,15.960561647418155,22
