x1,x2,f_best,count
1.5762637077119734,6.077331542772697,39.41856595702987,1
