x1,x2,f_best,count
0.24564225444013665,0.03677549476461017,1.7592302665955484,1
