x1,x2,f_best,count
2.6144190290318763,2.6504397549575645,6.107485917235826,2
