x0,x1,f_best,count
2.365933389028857,-1.9952686820325185,1093277.4028022063,1
