x1,x2,f_best,count
2.6096371822007445,2.583553477303639,5.802145173463696,1
