x0,x1,f_best,count
-4.981889742921212,-4.972846177089099,49.7583442751236,3
