x0,x1,f_best,count
-0.013153616585801107,-0.9927139413770563,1.030279113726496,2
