x0,x1,f_best,count
-0.027061957158770113,-0.015968592823581887,0.0009873454820284598,1
