x0,x1,f_best,count
-82.99806911184466,-84.1945594966957,13977.403325137175,1
