x0,x1,f_best,count
-8.0,-7.992887139593979,15.960561633743493,21
