x0,x1,f_best,count
0.038059139782161466,-0.2882338464021643,2.0808086157300214,1
