x1,x2,f_best,count
-1.0184071388695648,-1.000811184932017,2.1057473037649435,2
