x1,x2,f_best,count
-4.969803013119194,-4.976655255144263,49.75294336549558,3
