x1,x2,f_best,count
-9.732841307938862,-10.0,1.4370162780069866,37
