x0,x1,f_best,count
2.584489663552701,2.06182387406439,4.702264140997574,1
