x1,x2,f_best,count
1.659983979590916,-1.94230707599205,1153079.486534422,1
