x1,x2,f_best,count
0.21123955130215855,0.9128641879589487,1.910505483705488,1
