x0,x1,f_best,count
2.6152583640242364,2.6307754134393457,6.219493274694993,2
