x0,x1,f_best,count
1.6999460984694685,-2.0,1764092.5312808773,50
