x0,x1,f_best,count
-80.95544787005333,-84.75056078555644,13736.442093307222,1
