x0,x1,f_best,count
-0.1722776033253659,0.9513857119820361,1.9268046338520073,1
