x0,x1,f_best,count
1.7001941344205858,-2.0,1764092.3797423644,27
