x0,x1,f_best,count
0.08359223802461457,-0.01583240265308028,0.42263028829416927,1
