x1,x2,f_best,count
-0.015952248956795534,0.01666561441353691,0.07937362051347252,1
