x0,x1,f_best,count
1.7004596359840396,-2.0,1764092.1127059376,57
