x0,x1,f_best,count
-9.732856813505343,-10.0,1.4370162709648997,60
