x0,x1,f_best,count
-9.732951272473734,-10.0,1.4370162861291957,44
