x0,x1,f_best,count
0.047416080291061036,0.8770261992328976,1.9683423166101013,1
