x0,x1,f_best,count
1.6987332290516883,-2.0,1764089.3561198153,34
