x0,x1,f_best,count
1.1948472458822863,0.005845240275334618,1.4276941078263612,1
