x0,x1,f_best,count
-0.6428821616005982,-0.6393380787873226,2.255703784794632,2
