x0,x1,f_best,count
0.0023491261377248697,-0.005611457014875903,0.018241907825514492,2
