x1,x2,f_best,count
1.6999694719684124,-2.0,1764092.3934590416,39
