x0,x1,f_best,count
0.005319363340374972,0.009618192195629822,0.0001210066991755093,2
