x0,x1,f_best,count
-4.981924320094782,-4.9744912276469435,49.757739226619876,2
