x0,x1,f_best,count
-9.732539428547353,-10.0,1.4370162350620685,35
