x0,x1,f_best,count
-3.2272055306283676,0.8340646963426366,11.110519454603459,1
