x1,x2,f_best,count
-0.04148300721630188,0.05431185795320014,0.004670617802036344,1
