x1,x2,f_best,count
-0.01510929451477061,0.0747795826685218,1.1345071046915551,2
