x0,x1,f_best,count
-9.73300390427752,-10.0,1.4370162927295917,65
