x1,x2,f_best,count
-84.67862193843082,-83.49675479536222,14142.177074748543,1
