x0,x1,f_best,count
1.561066330639258,-1.9797933181216267,1490650.9792500508,1
