x0,x1,f_best,count
-8.0,-7.992451357808432,15.960553653945784,16
