x0,x1,f_best,count
-0.6361378622019054,-0.6172464715200487,2.2442266023278457,2
