x0,x1,f_best,count
1.0754288047114393,0.020990059105652215,2.346027994024679,1
