x1,x2,f_best,count
-9.73327700876535,-10.0,1.4370162658681678,64
