x0,x1,f_best,count
-1.012221899476895,-1.0055023114538082,2.0710745295047213,1
