x0,x1,f_best,count
0.01758894856333093,0.0001340238725626719,0.06131821588375885,1
