x0,x1,f_best,count
-0.01169034522723052,0.01397829250290741,0.06037936661791088,2
